"0","library(rlang)
library(tidyverse)
"
"2","Registered S3 methods overwritten by 'dbplyr':
  method         from
  print.tbl_lazy     
  print.tbl_sql      
"
"2","[37mâ”€â”€ [1mAttaching packages[22m â”€â”€â”€â”€â”€â”€â”€â”€â”€â”€â”€â”€â”€â”€â”€â”€â”€â”€â”€â”€â”€â”€â”€â”€â”€â”€â”€â”€â”€â”€â”€â”€â”€â”€â”€â”€â”€â”€â”€ tidyverse 1.3.0 â”€â”€[39m
"
"2","[37m[32mâœ“[37m [34mggplot2[37m 3.3.3     [32mâœ“[37m [34mpurrr  [37m 0.3.4
[32mâœ“[37m [34mtibble [37m 3.0.6     [32mâœ“[37m [34mdplyr  [37m 1.0.4
[32mâœ“[37m [34mtidyr  [37m 1.1.2     [32mâœ“[37m [34mstringr[37m 1.4.0
[32mâœ“[37m [34mreadr  [37m 1.4.0     [32mâœ“[37m [34mforcats[37m 0.5.1[39m
"
"2","[37mâ”€â”€ [1mConflicts[22m â”€â”€â”€â”€â”€â”€â”€â”€â”€â”€â”€â”€â”€â”€â”€â”€â”€â”€â”€â”€â”€â”€â”€â”€â”€â”€â”€â”€â”€â”€â”€â”€â”€â”€â”€â”€â”€â”€â”€â”€â”€â”€ tidyverse_conflicts() â”€â”€
[31mx[37m [34mpurrr[37m::[32m%@%()[37m         masks [34mrlang[37m::%@%()
[31mx[37m [34mpurrr[37m::[32mas_function()[37m masks [34mrlang[37m::as_function()
[31mx[37m [34mdplyr[37m::[32mfilter()[37m      masks [34mstats[37m::filter()
[31mx[37m [34mpurrr[37m::[32mflatten()[37m     masks [34mrlang[37m::flatten()
[31mx[37m [34mpurrr[37m::[32mflatten_chr()[37m masks [34mrlang[37m::flatten_chr()
[31mx[37m [34mpurrr[37m::[32mflatten_dbl()[37m masks [34mrlang[37m::flatten_dbl()
[31mx[37m [34mpurrr[37m::[32mflatten_int()[37m masks [34mrlang[37m::flatten_int()
[31mx[37m [34mpurrr[37m::[32mflatten_lgl()[37m masks [34mrlang[37m::flatten_lgl()
[31mx[37m [34mpurrr[37m::[32mflatten_raw()[37m masks [34mrlang[37m::flatten_raw()
[31mx[37m [34mpurrr[37m::[32minvoke()[37m      masks [34mrlang[37m::invoke()
[31mx[37m [34mdplyr[37m::[32mlag()[37m         masks [34mstats[37m::lag()
[31mx[37m [34mpurrr[37m::[32mlist_along()[37m  masks [34mrlang[37m::list_along()
[31mx[37m [34mpurrr[37m::[32mmodify()[37m      masks [34mrlang[37m::modify()
[31mx[37m [34mpurrr[37m::[32mprepend()[37m     masks [34mrlang[37m::prepend()
[31mx[37m [34mpurrr[37m::[32msplice()[37m      masks [34mrlang[37m::splice()[39m
"
